RA_ICRS,DE_ICRS,Source,e_RA_ICRS,e_DE_ICRS,Plx,e_Plx,PM,pmRA,e_pmRA,pmDE,e_pmDE,RUWE,FG,e_FG,Gmag,FBP,e_FBP,BPmag,FRP,e_FRP,RPmag,BP-RP,RV,e_RV,Vbroad,GRVSmag,QSO,Gal,NSS,XPcont,XPsamp,RVS,EpochPh,EpochRV,MCMCGSP,MCMCMSC,Teff,logg,[Fe/H],Dist,A0,HIP,PS1,SDSS13,SKYM2,TYC2,URAT1,AllWISE,APASS9,GSC23,RAVE5,2MASS,RAVE6,RA_J2000,DE_J2000
56.40274105,23.17157986,6.48742E+16,1.2951,0.8707,,,,,,,,,6981.21616,141.18835,16.07754,4730.624155,85.60134,16.151247,6042.845776,99.27963,15.294792,0.856455,,,,,0,0,0,0,0,0,0,0,0,0,,,,,,,1.35801E+17,,,,URAT1-566026969,J034536.66+231017.6,220813,NC3P009370,,03453666+2310176 ,,56.40274105,23.17157986
56.39928042,23.17236082,6.48744E+16,2.297,2.893,,,,,,,,,73.62025,2.0047383,21.019875,25.93496703,11.520625,21.803827,114.9819707,15.954498,19.596321,2.207506,,,,,0,0,0,0,0,0,0,0,0,0,,,,,,,1.35801E+17,,,,,J034535.80+231020.5,,,,,,56.39928042,23.17236082
56.39089033,23.17458008,6.48744E+16,3.6149,2.9291,,,,,,,,,77.09554,1.2606589,20.969793,33.77876325,10.7300415,21.516933,67.36562434,14.1676235,20.1768,1.340134,,,,,0,0,0,0,0,0,0,0,0,0,,,,,,,1.35811E+17,,,,,,,,,,,56.39089033,23.17458008
56.39188901,23.17549839,6.48744E+16,9.8992,4.9924,,,,,,,,,61.28874,1.2760392,21.218916,48.25309539,15.225205,21.129728,60.01169968,21.040369,20.302305,0.827423,,,,,0,0,0,0,0,0,0,0,0,0,,,,,,,1.35811E+17,,,,,,,,,,,56.39188901,23.17549839
56.38449332,23.17916445,6.48745E+16,0.459,0.3122,0.5524,0.5126,3.037,-1.441,0.721,-2.673,0.406,1.045,201.60639,0.9427345,19.926105,89.73008972,10.93661,20.456198,149.6934779,8.584357,19.309889,1.146309,,,,,0,0,0,0,0,0,0,0,0,0,,,,,,,1.35811E+17,,,,,,,NC3P009429,,,,56.38450029,23.17917633
56.3854749,23.18211885,6.48745E+16,0.3435,0.2401,0.7573,0.4043,5.294,3.128,0.505,-4.271,0.291,0.966,309.41758,1.0321857,19.461004,76.60523609,6.7953944,20.627895,354.8077572,12.668269,18.372913,2.254982,,,,,0,0,0,0,0,0,0,0,0,0,,,,,,,1.35811E+17,,,,URAT1-566026959,J034532.50+231055.9,,NC3P009462,,03453248+2310557 ,,56.38545978,23.18213783
56.39167614,23.18501072,6.48745E+16,0.0786,0.0535,7.3915,0.0873,49.448,19.867,0.113,-45.281,0.069,1.026,2695.12092,3.3280394,17.110922,328.8108811,11.9486885,19.046177,3780.529666,16.448751,15.804014,3.242163,,,,,0,0,0,1,0,0,0,0,0,1,3213.1,4.9146,0.0963,138.374,1.1598,,1.35821E+17,,,,URAT1-566026961,J034533.99+231106.2,,NC3P009491,,03453399+2311068 ,,56.39158008,23.18521197
56.37359839,23.1835779,6.48745E+16,0.8666,0.548,-0.8047,1.0209,12.649,-7.042,1.483,-10.507,0.872,0.993,117.63626,0.9339129,20.511013,29.91980912,5.0610805,21.648645,150.4646868,9.6482725,19.30431,2.344336,,,,,0,0,0,0,0,0,0,0,0,0,,,,,,,1.35821E+17,,,,,J034529.67+231101.0,,NC3P009467,,,,56.37363244,23.18362459
56.36313056,23.18528966,6.48752E+16,0.0736,0.0489,3.5757,0.0813,11.122,-3.024,0.105,-10.703,0.063,0.934,2816.43053,2.625531,17.06312,586.6890884,8.225491,18.417522,3392.090906,8.8983755,15.921727,2.495795,,,,,0,0,0,1,0,0,0,0,1,1,3585.2,4.8227,-0.2801,261.863,0.9623,,1.35821E+17,,,,URAT1-566026940,J034527.15+231107.2,,NC3P009488,,03452717+2311072 ,,56.36314518,23.18533722
56.35409464,23.19229203,6.48752E+16,0.0137,0.009,10.85,0.0144,72.938,-54.375,0.019,-48.614,0.011,0.959,1235582.503,269.93402,10.457687,593048.5415,261.1633,10.905817,908811.4108,325.10776,9.851711,1.054106,-12.85,0.21,,9.62189,0,0,0,1,1,0,0,0,1,1,5080.6,4.5212,0.2402,91.7822,0.0203,,,,,,URAT1-566026934,J034525.00+231132.5,220817,NC3P000239,,03452506+2311330 ,,56.35435755,23.19250809
56.36954637,23.2063396,6.48753E+16,0.7154,0.5265,1.6442,0.8723,5.43,3.247,1.138,-4.352,0.737,1.093,137.57501,0.93754184,20.341019,47.49913519,7.777021,21.146828,169.1635546,6.732758,19.177128,1.9697,,,,,0,0,0,0,0,0,0,0,0,0,,,,,,,1.35841E+17,,,,,J034528.68+231222.9,,NC3R001823,,,,56.36953066,23.20635894
56.33587934,23.19863297,6.48755E+16,0.0697,0.0481,1.3763,0.0806,10.454,5.105,0.1,-9.123,0.059,0.973,3313.5835,2.4567597,16.886621,1088.209462,8.968604,17.746761,3156.825626,9.527912,15.999769,1.746992,,,,,0,0,0,0,0,0,0,0,1,1,4458,4.6693,0.0075,679.655,0.8476,,1.35831E+17,,,,URAT1-566026921,,,NC3P009754,,03452062+2311552 ,,56.33585466,23.19867351
56.3386329,23.20097166,6.48754E+16,0.0778,0.0537,0.7155,0.0885,9.769,7.283,0.108,-6.511,0.065,1.092,2942.60166,2.4253523,17.015537,1271.171972,7.30646,17.578032,2410.763527,10.821952,16.29251,1.285523,,,,,0,0,0,0,0,0,0,0,1,1,4736.5,4.8175,-1.4131,781.8864,0.3234,,1.35841E+17,,,,URAT1-567028035,,,NC3P009753,,03452127+2312036 ,,56.33859768,23.2010006
56.33625814,23.20362366,6.48755E+16,0.4116,0.2844,-0.4728,0.4898,2.756,-0.255,0.619,-2.744,0.356,0.968,235.84454,0.9400912,19.755802,88.15273511,8.593513,20.475452,208.3540346,9.762789,18.950891,1.524561,,,,,0,0,0,0,0,0,0,0,0,0,,,,,,,1.35841E+17,,,,,,,,,,,56.33625937,23.20363585
56.34306893,23.20461817,6.48755E+16,0.035,0.023,10.9272,0.0382,76.623,-55.647,0.048,-52.674,0.029,1.216,8838619.304,2612.6243,8.321405,4778367.786,5267.914,8.640344,5830753.973,5155.686,7.833584,0.80676,,,,,0,0,0,1,1,0,0,0,1,1,5697.6,4.1174,-0.1296,90.8729,0.0011,,,,,1799-910-1  ,URAT1-567028036,J034522.36+231216.8,,NC3R043956,,03452240+2312173 ,,56.34333802,23.20485227
56.34205247,23.20927368,6.48755E+16,0.2816,0.1935,0.1749,0.326,6.447,3.494,0.415,-5.418,0.243,0.963,390.43635,1.1326861,19.20849,92.58373928,7.1263375,20.422205,436.9944289,11.038842,18.146706,2.275499,,,,,0,0,0,0,0,0,0,0,0,0,,,,,,,1.35851E+17,,,,,,,,,,,56.34203557,23.20929775
56.34887329,23.22539803,6.48755E+16,0.6665,0.4755,0.4863,0.7489,12.055,7.349,1.021,-9.556,0.603,0.988,151.21393,0.96291524,20.238388,67.05810869,17.152813,20.772413,195.5380668,7.175419,19.019817,1.752596,,,,,0,0,0,0,0,0,0,0,0,0,,,,,,,1.35871E+17,,,,,J034523.73+231331.3,,NC3R001982,,,,56.34883775,23.2254405
56.32523956,23.2101756,6.48755E+16,1.776,1.6792,4.137,2.4262,4.351,-0.463,2.667,-4.326,2.531,1.013,86.99756,1.1537197,20.838598,55.93467087,14.366782,20.96934,116.6068211,18.43792,19.581085,1.388254,,,,,0,0,0,0,0,0,0,0,0,0,,,,,,,1.35851E+17,,,,,,,NC3R000822,,,,56.3252418,23.21019483
56.32817883,23.22253471,6.48755E+16,1.0914,0.7317,2.1101,1.3022,19.048,5.656,1.67,-18.189,0.945,1.22,114.29554,1.0894527,20.542294,52.48397826,12.026266,21.038475,113.7293196,11.285287,19.608215,1.43026,,,,,0,0,0,0,0,0,0,0,0,0,,,,,,,1.35861E+17,,,,,,,NC3R000846,,,,56.32815147,23.22261555
56.33528698,23.22030661,6.48755E+16,0.0814,0.0535,0.8003,0.0875,8.197,3.228,0.109,-7.535,0.066,1.166,3299.24982,4.5524955,16.891329,1427.759803,9.017615,17.451904,3262.668576,11.2625885,15.963964,1.487941,,,,,0,0,0,1,0,0,0,0,0,1,,,,,,,1.35861E+17,,,,URAT1-567028032,J034520.47+231312.9,,NC3R000840,,03452048+2313131 ,,56.33527137,23.2203401
56.33382577,23.22281271,6.48756E+16,3.1571,2.6559,,,,,,,,,72.25035,1.4541997,21.040266,45.4598964,9.9309435,21.194471,70.5587069,7.4634595,20.126518,1.067953,,,,,0,0,0,0,0,0,0,0,0,0,,,,,,,1.35861E+17,,,,,,,NC3R000845,,,,56.33382577,23.22281271
56.27626151,23.21724049,6.48784E+16,0.1186,0.0887,0.8039,0.1388,7.482,5.738,0.16,-4.801,0.11,1.037,1418.98739,1.7619436,17.80742,554.9493568,13.432559,18.47791,1229.173993,12.082282,17.023863,1.454046,,,,,0,0,0,0,0,0,0,0,1,1,4300.8,4.882,-1.358,816.8827,0.0997,,1.35861E+17,,,,URAT1-567027999,J034506.30+231302.1,,NC3R000831,,03450630+2313021 ,,56.27623376,23.21726183
56.29680007,23.22045857,6.48784E+16,0.0299,0.0217,0.8176,0.0323,3.049,-1.022,0.039,-2.873,0.026,1.013,14867.7271,5.1137094,15.256756,6973.715894,16.743612,15.729881,11513.63979,12.027244,14.594864,1.135017,,,,,0,0,0,1,0,0,0,0,1,1,6003.2,4.2856,-0.6044,1042.5656,0.9546,,1.35861E+17,,,,URAT1-567028011,J034511.23+231313.6,220824,NC3R000838,,03451124+2313137 ,,56.29680501,23.22047134
56.31166692,23.23065698,6.48785E+16,7.4871,3.6288,,,,,,,,,80.60721,1.6455264,20.921432,32.12344442,11.870111,21.571487,94.55955475,17.466084,19.808632,1.762856,,,,,0,0,0,0,0,0,0,0,0,0,,,,,,,1.35871E+17,,,,,,,,,,,56.31166692,23.23065698
56.32456553,23.23255779,6.48785E+16,0.9865,0.6746,0.2068,1.0286,7.618,3.273,1.832,-6.879,0.857,0.98,114.78653,0.9187223,20.53764,39.67332216,6.568472,21.342297,137.1935266,15.1383095,19.404562,1.937735,,,,,0,0,0,0,0,0,0,0,0,0,,,,,,,1.35871E+17,,,,,J034517.93+231357.1,,,,,,56.3245497,23.23258836
56.29793026,23.23370622,6.48785E+16,0.6289,0.4576,-0.0257,0.7972,0.293,0.063,1.028,-0.286,0.69,1.109,161.56521,1.0802178,20.166498,83.11600901,8.086463,20.539331,120.3962446,7.704025,19.546364,0.992968,,,,,0,0,0,0,0,0,0,0,0,0,,,,,,,1.35881E+17,,,,,,,NC3R000869,,,,56.29792995,23.23370749
56.30832544,23.24744228,6.48786E+16,0.3069,0.1985,0.2099,0.3337,8.641,3.808,0.421,-7.757,0.242,0.89,381.32476,1.218209,19.234129,,,,,,,,,,,,0,0,0,0,0,0,0,0,0,0,,,,,,,1.35891E+17,,,,,,,NC3R000930,,,,56.30830702,23.24747675
56.30791781,23.24791375,6.48786E+16,0.133,0.09,0.6129,0.145,8.329,2.903,0.185,-7.806,0.111,1.04,1222.05173,1.5293278,17.969643,463.6181831,10.305821,18.673141,1188.487957,17.555536,17.060408,1.612734,,,,,0,0,0,0,0,0,0,0,1,1,4041.6,4.8082,-1.331,749.5275,0.0481,,1.35891E+17,,,,URAT1-567028017,,,NC3R000930,,,,56.30790377,23.24794845
56.31044027,23.24788456,6.48786E+16,0.0264,0.0183,1.2053,0.0281,14.694,13.756,0.035,5.166,0.022,0.984,20778.00647,5.462855,14.893357,9573.021655,15.416168,15.38592,16068.93018,18.997509,14.232928,1.152991,,,,,0,0,0,1,1,0,0,0,1,1,5602.1,4.4213,-0.5898,743.4713,0.7576,,1.35891E+17,,,,URAT1-567028020,J034514.49+231452.2,220825,NC3R000308,,03451450+2314523 ,,56.31037373,23.2478616
56.27333747,23.21943972,6.48786E+16,0.0603,0.0457,0.4261,0.0701,4.67,2.463,0.08,-3.968,0.058,1.027,4305.27037,2.7596972,16.602365,1958.022464,10.400414,17.108997,3369.804138,12.654047,15.928884,1.180114,,,,,0,0,0,0,0,0,0,0,1,1,5024.9,4.3607,-2.9818,1398.1072,0.3527,,1.35861E+17,,,,URAT1-567027996,J034505.61+231310.0,,NC3R000835,,03450561+2313101 ,,56.27332556,23.21945736
56.27031758,23.22043955,6.48786E+16,6.4086,4.4467,,,,,,,,,71.19245,1.36775,21.056282,55.79122581,20.098452,20.972128,58.94260609,23.981466,20.321823,0.650305,,,,,0,0,0,0,0,0,0,0,0,0,,,,,,,1.35861E+17,,,,,,,NC3R000836,,,,56.27031758,23.22043955
56.27373151,23.22318734,6.48786E+16,0.4209,0.3088,-0.709,0.5145,7.278,4.871,0.609,-5.408,0.386,1.009,239.90781,1.0863492,19.737255,89.15027285,6.61976,20.463236,176.7404418,9.544233,19.129555,1.333681,,,,,0,0,0,0,0,0,0,0,0,0,,,,,,,1.35861E+17,,,,,,,NC3R000844,,,,56.27370795,23.22321137
56.27682694,23.22442421,6.48786E+16,0.5389,0.3989,-0.0439,0.6246,7.52,-4.143,0.778,-6.276,0.495,1.085,204.94534,0.93504006,19.908272,53.56065119,6.333627,21.016428,238.921382,6.7028403,18.802258,2.214171,,,,,0,0,0,0,0,0,0,0,0,0,,,,,,,1.35861E+17,,,,,J034506.44+231327.7,,NC3R000848,,,,56.27684698,23.22445211
56.28229671,23.22604433,6.48786E+16,0.4594,0.3517,1.0915,0.5226,12.45,6.582,0.679,10.567,0.43,1.062,240.29824,0.99145323,19.73549,42.42829078,5.880555,21.269403,331.1826248,11.227216,18.447727,2.821676,,,,,0,0,0,0,0,0,0,0,0,0,,,,,,,1.35871E+17,,,,,J034507.75+231333.8,,NC3R000849,,03450778+2313335 ,,56.28226487,23.22599736
56.26623468,23.22223463,6.48786E+16,2.3573,2.6515,,,,,,,,,83.14476,1.1469167,20.88778,50.95720506,9.592409,21.070528,67.3253311,16.618998,20.17745,0.893078,,,,,0,0,0,0,0,0,0,0,0,0,,,,,,,1.35861E+17,,,,,,,,,,,56.26623468,23.22223463
56.28773991,23.24111745,6.48786E+16,0.3024,0.2164,0.1114,0.3398,1.522,-0.285,0.428,-1.496,0.267,0.998,372.25637,1.2134691,19.260262,151.1608274,13.408298,19.889944,343.2021574,8.466853,18.409021,1.480923,,,,,0,0,0,0,0,0,0,0,0,0,,,,,,,1.35881E+17,,,,,,,NC3R000897,,,,56.28774129,23.24112409
56.28401469,23.24559588,6.48786E+16,0.521,0.3895,1.7371,0.6313,24.994,24.829,0.771,2.87,0.478,0.972,193.54282,1.011139,19.970425,69.45882411,14.737962,20.734224,222.8695674,9.605212,18.87777,1.856455,,,,,0,0,0,0,0,0,0,0,0,0,,,,,,,1.35891E+17,,,,,J034508.14+231444.0,,NC3R000914,,,,56.28389459,23.24558313
56.26160469,23.23962283,6.48787E+16,0.0727,0.0553,0.0077,0.0812,0.718,0.454,0.099,-0.557,0.068,1.029,2896.40985,2.1782732,17.032717,1133.319681,13.857774,17.702662,2521.946752,10.880486,16.243555,1.459106,,,,,0,0,0,1,0,0,0,0,1,1,4988.2,4.4383,-0.8129,1266.9608,1.0281,,1.35881E+17,,,,URAT1-567027987,J034502.78+231422.7,,NC3R000893,,03450278+2314226 ,,56.26160249,23.23962531
56.30068239,23.24816412,6.48787E+16,1.3573,0.9693,1.1135,1.5315,17.447,-1.482,2.171,-17.384,1.291,1.114,90.66135,1.0564027,20.793812,26.56944998,6.2957034,21.777586,203.6673355,10.397304,18.975592,2.801994,,,,,0,0,0,0,0,0,0,0,0,0,,,,,,,1.35891E+17,,,,,J034512.15+231453.6,,NC3R041636,,03451215+2314538 ,,56.30068955,23.24824138
56.28740086,23.24319202,6.48787E+16,0.355,0.2508,1.5362,0.4061,11.29,10.671,0.505,-3.689,0.314,1.046,311.54905,1.1199853,19.45355,72.03723997,8.228669,20.694649,370.3400754,9.231149,18.326393,2.368256,,,,,0,0,0,0,0,0,0,0,0,0,,,,,,,1.35891E+17,,,,URAT1-567028004,,,NC3R000902,,03450897+2314353 ,,56.28734925,23.24320841
56.29520801,23.25487971,6.48787E+16,0.2184,0.1558,0.5059,0.2443,1.758,0.953,0.306,-1.478,0.193,1.09,656.1398,1.2735286,18.644876,268.0274545,12.625373,19.268093,544.5804127,12.2848425,17.90774,1.360354,,,,,0,0,0,0,0,0,0,0,1,0,4392.4,5.0644,-2.6529,880.4255,0.0099,,1.35901E+17,,,,URAT1-567028010,,,NC3R001120,,,,56.2952034,23.25488628
56.29310442,23.25422481,6.48787E+16,0.1721,0.1157,0.2065,0.1861,4.005,0.374,0.234,-3.987,0.147,1.002,901.67204,1.6216185,18.299746,347.3386015,10.734636,18.98666,758.5204649,9.023794,17.547977,1.438683,,,,,0,0,0,0,0,0,0,0,1,0,4255.5,5.0055,-1.8357,761.1315,0.0374,,1.35901E+17,,,,URAT1-567028009,J034510.35+231515.7,,NC3R001121,,03451035+2315153 ,,56.29310261,23.25424254
56.30332745,23.2494024,6.48788E+16,0.5006,0.3447,1.0743,0.5508,11.436,-10.758,0.717,3.88,0.422,1.121,232.05691,1.2106843,19.77338,53.20721714,7.381711,21.023617,284.367839,9.073062,18.613194,2.410423,,,,,0,0,0,0,0,0,0,0,0,0,,,,,,,1.35891E+17,,,,URAT1-567028015,J034512.81+231457.8,,NC3R000934,,03451283+2314579 ,,56.30337949,23.24938516
56.31187534,23.25615637,6.48788E+16,0.5357,0.3904,0.8742,0.6493,5.453,-1.735,0.871,-5.17,0.487,0.984,188.11929,0.97171086,20.001284,61.0506728,8.186757,20.874315,200.2243973,12.205784,18.994102,1.880213,,,,,0,0,0,0,0,0,0,0,0,0,,,,,,,1.35901E+17,,,,,,,NC3R002264,,,,56.31188374,23.25617934
56.29970656,23.26100089,6.48788E+16,0.4013,0.2921,0.219,0.4557,2.859,2.721,0.595,-0.875,0.363,1.098,275.57098,1.1957569,19.586782,112.8638,6.8872523,20.207155,225.7532033,10.91477,18.863811,1.343344,,,,,0,0,0,0,0,0,0,0,0,0,,,,,,,1.35911E+17,,,,,,,NC3R001125,,,,56.29969339,23.26100477
56.30543515,23.26484284,6.48788E+16,1.0335,0.7541,2.6486,1.1043,19.28,0.152,1.829,-19.28,0.918,1.064,122.81044,1.6424232,20.46428,49.70827139,8.229563,21.097471,186.6752213,14.434065,19.070179,2.027292,,,,,0,0,0,0,0,0,0,0,0,0,,,,,,,1.35911E+17,,,,,J034513.30+231553.6,,,,03451333+2315539 ,,56.30543442,23.26492853
56.24006705,23.23931237,6.48791E+16,2.8334,2.7559,,,,,,,,,73.79641,1.5267706,21.017279,223.2527,560.4424,19.46655,61.36582186,13.839075,20.27808,-0.811529,,,,,0,0,0,0,0,0,0,0,0,0,,,,,,,1.35881E+17,,,,,,,,,,,56.24006705,23.23931237
56.22325876,23.24746665,6.48791E+16,0.3827,0.2717,-0.0731,0.4358,10.333,6.559,0.559,-7.984,0.327,1.042,321.46814,1.1449962,19.419521,134.6443384,8.355886,20.015572,256.669971,8.009495,18.724459,1.291113,,,,,0,0,0,0,0,0,0,0,0,0,,,,,,,1.35891E+17,,,,,,,NC3R000917,,,,56.22322703,23.24750214
56.20744336,23.25500871,6.48793E+16,0.015,0.011,3.1155,0.0172,27.581,26.343,0.019,-8.172,0.014,0.983,90446.36751,13.5127945,13.296389,38895.5235,32.99025,13.863793,73943.09265,42.71565,12.575651,1.288142,30.44,1.72,,12.259994,0,0,0,1,1,0,0,0,1,1,5069.4,4.3599,-0.7988,315.7408,0.6698,,1.35901E+17,,,,URAT1-567027937,J034449.77+231518.0,220827,NC3R000968,,03444975+2315181 ,,56.20731593,23.25504503
56.21697555,23.24893087,6.48793E+16,0.1662,0.1163,0.6005,0.1924,17.94,1.889,0.212,-17.84,0.141,0.997,924.77634,1.6873081,18.272276,314.2755356,12.621281,19.095266,878.7451654,9.43434,17.388239,1.707027,,,,,0,0,0,0,0,0,0,0,1,0,3852.2,4.8327,-0.6471,768.7208,0.1329,,1.35891E+17,,,,URAT1-567027945,J034452.08+231456.1,,NC3R000928,,03445207+2314566 ,,56.21696642,23.24901016
56.21334245,23.25520359,6.48793E+16,2.0374,1.4274,,,,,,,,,95.06632,1.2212312,20.7423,84.41187444,9.429902,20.522533,111.5505483,14.253012,19.629217,0.893316,,,,,0,0,0,0,0,0,0,0,0,0,,,,,,,1.35901E+17,,,,,,,NC3R002265,,,,56.21334245,23.25520359
56.21358053,23.26872443,6.48794E+16,0.017,0.0132,7.3946,0.0187,48.833,20.546,0.023,-44.3,0.016,0.981,5254315.166,947.3212,8.886077,3174614.173,1414.4941,9.084315,3052122.11,1017.9508,8.53639,0.547925,6.55,0.19,,8.392489,0,0,0,1,1,1,0,0,1,1,6727,4.1964,-0.4426,134.5688,0.0132,17497,,,,1799-1157-1 ,URAT1-567027941,J034451.25+231607.6,,NC3R044430,J034451.2+231608,03445123+2316082 ,20120107_0336p23_115 ,56.21348113,23.26892132
56.20035068,23.2665494,6.48794E+16,0.3597,0.2439,-0.2257,0.4502,1.978,1.583,0.476,-1.186,0.292,0.993,328.04091,1.0449243,19.397547,123.2568742,9.264064,20.111515,256.9811381,7.565744,18.723143,1.388372,,,,,0,0,0,0,0,0,0,0,0,0,,,,,,,1.35921E+17,,,,URAT1-567027934,,,NC3R001027,,,,56.20034302,23.26655467
56.20413147,23.26638286,6.48794E+16,0.4673,0.344,1.7797,0.5734,14.315,1.556,0.658,-14.23,0.418,0.97,210.56034,1.0055635,19.878925,47.1503495,6.3410044,21.154829,265.1756626,11.257318,18.689062,2.465767,,,,,0,0,0,0,0,0,0,0,0,0,,,,,,,1.35921E+17,,,,,,,NC3R002376,,,,56.20412395,23.2664461
56.20579906,23.26927364,6.48794E+16,1.2261,0.962,0.9961,1.4838,14.627,-6.412,1.745,-13.147,1.108,0.991,85.27544,1.9106132,20.860308,44.14048724,10.646682,21.22645,134.5805895,16.51738,19.42544,1.80101,,,,,0,0,0,0,0,0,0,0,0,0,,,,,,,1.35921E+17,,,,,,,,,,,56.20583008,23.26933207
56.25040852,23.24711297,6.48794E+16,0.1905,0.143,0.0063,0.2175,5.488,3.911,0.247,-3.85,0.166,1.048,800.54415,1.5277965,18.428904,313.2321511,9.698158,19.098877,702.9293046,11.726661,17.630617,1.46826,,,,,0,0,0,0,0,0,0,0,1,0,4158.2,4.983,-1.6002,794.0938,0.0521,,1.35891E+17,,,,URAT1-567027978,J034500.09+231449.0,,NC3R000919,,03450010+2314496 ,,56.2503896,23.24713008
56.26336537,23.25301515,6.48795E+16,0.1603,0.1166,0.0505,0.1821,1.102,-0.835,0.226,-0.719,0.145,1,856.54882,1.394763,18.355486,387.151452,9.162149,18.86884,633.703127,11.336061,17.743181,1.125658,,,,,0,0,0,0,0,0,0,0,1,0,4818.1,4.8666,-1.8828,1573.7852,0.0111,,1.35901E+17,,,,URAT1-567027990,J034503.25+231510.6,,NC3R000952,,,,56.26336941,23.25301834
56.26652437,23.25391259,6.48795E+16,0.4486,0.3232,0.3516,0.5128,5.608,-3.365,0.642,-4.486,0.399,1.137,250.14207,1.1044487,19.6919,64.05889146,7.48575,20.822094,273.6905748,8.956279,18.654745,2.167349,,,,,0,0,0,0,0,0,0,0,0,0,,,,,,,1.35901E+17,,,,URAT1-567027992,J034503.96+231514.0,,NC3R000955,,03450398+2315142 ,,56.26654065,23.25393253
56.25912129,23.25769507,6.48795E+16,2.8215,2.2935,,,,,,,,,82.85615,1.3002571,20.891556,39.62041846,8.283008,21.343744,107.8101675,23.501488,19.666246,1.677498,,,,,0,0,0,0,0,0,0,0,0,0,,,,,,,1.35901E+17,,,,,,,,,,,56.25912129,23.25769507
56.25337458,23.25583487,6.48795E+16,0.1202,0.0868,0.8627,0.1353,5.039,-1.9,0.169,-4.667,0.107,1.008,1373.75486,1.6538991,17.842594,497.5716337,13.318176,18.596403,1299.868965,9.705399,16.963146,1.633257,,,,,0,0,0,0,0,0,0,0,1,1,3937.7,4.839,-0.8032,682.9171,0.0479,,1.35901E+17,,,,URAT1-567027983,J034500.81+231520.9,,NC3R000965,,03450081+2315211 ,,56.25338377,23.25585561
56.26006689,23.26089082,6.48795E+16,0.0398,0.0288,0.8784,0.0439,9.295,-8.427,0.052,-3.921,0.034,1.123,11802.05732,4.353797,15.507473,5097.938871,15.999586,16.070055,9572.791944,12.804588,14.795299,1.274756,,,,,0,0,0,1,0,0,0,0,1,1,5177.9,4.376,-0.3599,931.9554,0.707,,1.35911E+17,,,,URAT1-567027984,J034502.42+231539.1,220829,NC3R000996,,03450243+2315392 ,,56.26010765,23.26090824
56.24775867,23.2659029,6.48795E+16,0.2886,0.237,1.5878,0.3536,13.625,12.064,0.432,-6.331,0.316,1.012,451.47631,1.3933091,19.05078,93.16050788,7.407225,20.415462,568.6539951,7.1628695,17.860775,2.554688,,,,,0,0,0,0,0,0,0,0,0,0,,,,,,,1.35911E+17,,,,URAT1-567027972,J034459.46+231557.2,,NC3R001026,,03445946+2315574 ,,56.24770031,23.26593104
56.24042752,23.26679861,6.48795E+16,0.1301,0.0963,0.4623,0.1496,0.621,-0.421,0.182,-0.457,0.12,1.051,1200.34623,1.687655,17.989101,560.5209002,8.654646,18.467062,893.9308293,9.709698,17.369637,1.097426,,,,,0,0,0,0,0,0,0,0,1,1,4825.5,4.8854,-2.1499,1282.2483,0.0145,,1.35921E+17,,,,URAT1-567027964,,,NC3R001044,,03445769+2316005 ,,56.24042956,23.26680064
56.24442879,23.27035434,6.48795E+16,0.7982,0.6753,-0.2765,1.1068,5.04,4.734,1.242,-1.729,0.917,0.983,127.50048,1.1022027,20.423588,43.87340621,6.664039,21.233038,125.5694828,9.230021,19.500685,1.732353,,,,,0,0,0,0,0,0,0,0,0,0,,,,,,,1.35921E+17,,,,,J034458.66+231612.9,,NC3R001059,,,,56.24440588,23.27036203
56.24778235,23.27015711,6.48795E+16,0.3913,0.2876,0.344,0.4633,3.924,3.624,0.576,-1.506,0.361,1.009,260.09579,1.1504756,19.649534,89.19991576,9.308085,20.462631,265.6208124,6.189333,18.68724,1.775391,,,,,0,0,0,0,0,0,0,0,0,0,,,,,,,1.35921E+17,,,,,J034459.47+231612.5,,NC3R001061,,,,56.24776482,23.2701638
56.27646507,23.27041006,6.48796E+16,0.87,0.7544,-1.8389,1.0204,6.261,6.221,1.413,0.708,1.015,1.045,132.39368,1.0781298,20.382698,33.19357733,5.276771,21.535908,142.9874615,11.677792,19.35965,2.176258,,,,,0,0,0,0,0,0,0,0,0,0,,,,,,,1.35921E+17,,,,,J034506.36+231613.5,,NC3R002798,,,,56.27643498,23.27040691
56.26838148,23.27210023,6.48796E+16,0.1041,0.0731,0.8802,0.1125,7.559,-1.73,0.14,-7.359,0.087,1.112,2270.87596,2.266168,17.296883,813.0111046,12.860956,18.063301,2100.724558,16.071941,16.441973,1.621328,,,,,0,0,0,1,0,0,0,0,1,1,4187.5,4.6982,-0.4136,746.016,0.3539,,1.35921E+17,,,,URAT1-567027993,J034504.41+231619.5,,NC3R001075,,03450442+2316197 ,,56.26838985,23.27213293
56.28885509,23.27596377,6.48796E+16,0.1305,0.095,0.1802,0.1463,11.835,6.824,0.185,-9.67,0.121,1.008,1191.05275,1.6827462,17.99754,560.0489973,10.156381,18.467978,880.0462963,10.075319,17.386631,1.081347,,,,,0,0,0,0,0,0,0,0,1,1,4939.8,4.7814,-2.3683,1544.3237,0.0292,,1.35931E+17,,,,URAT1-567028005,J034509.31+231633.2,,NC3R001123,,03450931+2316336 ,,56.28882208,23.27600674
56.27559049,23.27885146,6.48796E+16,0.7507,0.5688,-0.3159,0.9182,3.107,-2.95,1.274,-0.975,0.699,0.998,133.42777,1.0715704,20.37425,60.69145505,12.46082,20.880724,109.1714812,12.1699,19.652622,1.228102,,,,,0,0,0,0,0,0,0,0,0,0,,,,,,,1.35931E+17,,,,,,,NC3R002484,,,,56.27560476,23.2788558
56.26915181,23.27549628,6.48796E+16,2.6329,2.0903,,,,,,,,,81.25938,1.223139,20.912683,47.87987852,15.115992,21.138159,110.0942494,17.283503,19.643484,1.494675,,,,,0,0,0,0,0,0,0,0,0,0,,,,,,,1.35931E+17,,,,,,,,,,,56.26915181,23.27549628
56.27480841,23.28176849,6.48797E+16,0.2407,0.1686,0.3975,0.276,3.14,-0.691,0.344,-3.063,0.205,1.125,690.30101,1.5128088,18.589771,303.4764549,9.3189335,19.13323,522.491711,10.544319,17.952698,1.180533,,,,,0,0,0,0,0,0,0,0,1,0,4556.2,4.861,-1.4192,1513.5316,0.0053,,1.35931E+17,,,,URAT1-567027998,,,NC3R001151,,,,56.27481175,23.2817821
56.2700124,23.28184658,6.48797E+16,0.2812,0.2063,1.6016,0.3162,29.786,25.935,0.433,-14.649,0.251,1.105,512.07012,1.3922411,18.914043,72.47660594,5.1371136,20.688047,655.2221236,10.19395,17.706924,2.981123,,,,,0,0,0,0,0,0,0,0,1,0,3291.4,4.9633,-0.2035,371.0366,0.5355,,1.35931E+17,,,,URAT1-567027994,J034504.79+231654.7,,NC3R001158,,03450478+2316549 ,,56.26988692,23.28191169
56.27350772,23.29409853,6.48797E+16,0.0809,0.058,2.2309,0.0893,90.705,24.736,0.111,-87.267,0.071,0.995,2685.48168,2.4584255,17.11481,748.9355906,9.854595,18.152431,2811.421637,13.443347,16.12558,2.026852,,,,,0,0,0,1,0,0,0,0,1,1,4277.5,4.6363,-0.1009,573.3726,1.3041,,1.35951E+17,,,,URAT1-567027997,J034505.62+231739.2,,NC3R002605,,03450562+2317402 ,,56.27338803,23.29448639
56.2293252,23.2606828,6.48797E+16,0.1529,0.1158,0.6433,0.1764,3.084,-2.246,0.219,-2.114,0.14,1.006,1031.93015,1.7168319,18.15324,361.7498076,10.035874,18.942522,950.3623558,14.118284,17.303173,1.639349,,,,,0,0,0,0,0,0,0,0,1,1,3982,4.9162,-1.1528,709.7329,0.0168,,1.35911E+17,,,,URAT1-567027957,J034455.02+231538.0,,NC3R000988,,03445504+2315384 ,,56.22933607,23.2606922
56.23299435,23.26268201,6.48797E+16,0.1168,0.0859,0.1156,0.1305,8.337,5.873,0.17,-5.917,0.106,1.001,1497.93618,2.4698586,17.748634,600.4776452,13.1414995,18.3923,1299.55701,11.940849,16.963408,1.428892,,,,,0,0,0,0,0,0,0,0,1,1,4783.6,4.8528,-2.6497,921.5619,0.6739,,1.35911E+17,,,,URAT1-567027959,J034455.91+231545.7,,NC3R001003,,03445591+2315457 ,,56.23296594,23.26270831
56.2282226,23.27354867,6.48797E+16,0.1304,0.095,0.4429,0.1508,2.556,-1.812,0.187,-1.803,0.129,1.041,1358.72447,1.7116789,17.854538,593.0923184,11.217983,18.405737,1139.150544,19.635675,17.106443,1.299294,,,,,0,0,0,0,0,0,0,0,1,1,4400.7,4.7411,-3.3106,917.3653,0.0056,,1.35921E+17,,,,URAT1-567027956,J034454.76+231624.7,,NC3R001080,,03445477+2316250 ,,56.22823136,23.27355669
56.23925137,23.26789628,6.48797E+16,0.5503,0.3949,1.2991,0.6226,9.804,-9.743,0.849,1.094,0.471,0.991,193.74565,1.0375694,19.969288,45.67899057,6.582937,21.18925,239.0507098,8.177499,18.80167,2.387581,,,,,0,0,0,0,0,0,0,0,0,0,,,,,,,1.35921E+17,,,,,,,NC3R041641,,,,56.23929851,23.26789142
56.2387353,23.28022202,6.48797E+16,0.164,0.1194,0.5054,0.1858,1.668,1.342,0.236,-0.992,0.147,0.993,881.87048,1.5127488,18.323854,367.198249,9.38756,18.92629,706.8609505,11.802866,17.624561,1.301729,,,,,0,0,0,0,0,0,0,0,1,0,4476.6,4.9178,-1.7171,1103.9198,0.0846,,1.35931E+17,,,,URAT1-567027963,J034457.28+231649.0,,NC3R001140,,03445728+2316485 ,,56.23872881,23.28022642
56.2126938,23.2715427,6.48798E+16,0.1653,0.1192,1.0701,0.1917,7.376,-4.629,0.232,-5.743,0.155,1.007,958.55535,1.6305909,18.233324,367.0349189,15.51485,18.926773,1012.91367,23.524263,17.233965,1.692808,,,,,0,0,0,0,0,0,0,0,1,1,3962.9,4.9268,-1.2651,598.1658,0.4407,,1.35921E+17,,,,,,,,,,,56.21271619,23.27156822
56.21239482,23.28074599,6.48798E+16,0.485,0.3366,-0.5935,0.558,1.233,0.541,0.702,-1.108,0.416,1.032,220.2906,1.0273925,19.829878,127.830537,8.866153,20.071957,158.171542,9.787529,19.250074,0.821882,,,,,0,0,0,0,0,0,0,0,0,0,,,,,,,1.35931E+17,,,,,,,NC3R002508,,,,56.2123922,23.28075092
56.21143482,23.28059459,6.48798E+16,1.1514,0.908,2.7494,1.4524,6.282,-4.183,1.924,-4.687,1.255,1.107,104.26389,1.1270893,20.642033,52.14406394,8.934251,21.04553,99.7910185,9.316636,19.750166,1.295364,,,,,0,0,0,0,0,0,0,0,0,0,,,,,,,1.35931E+17,,,,,,,,,,,56.21145506,23.28061543
56.23081195,23.28448065,6.48798E+16,0.3078,0.2213,0.2186,0.3558,1.458,-0.51,0.433,-1.365,0.272,1.081,404.50445,1.1664501,19.17006,184.0897145,7.7957125,19.675968,379.3838196,12.431376,18.300198,1.375771,,,,,0,0,0,0,0,0,0,0,0,0,,,,,,,1.35941E+17,,,,URAT1-567027958,,,NC3R001175,,,,56.23081441,23.28448671
56.22620884,23.28232032,6.48798E+16,0.2541,0.1811,0.7469,0.2894,15.129,6.189,0.37,-13.805,0.23,0.995,481.05037,1.3135533,18.98189,102.365193,8.792013,20.313162,497.1219723,8.542614,18.006739,2.306423,,,,,0,0,0,0,0,0,0,0,1,0,3447.3,4.6064,-1.4669,432.9627,0.4671,,1.35931E+17,,,,URAT1-567027953,J034454.28+231656.5,,NC3R001152,,03445427+2316564 ,,56.2261789,23.28238168
56.26683388,23.30199815,6.48799E+16,0.5442,0.3658,1.3099,0.6244,5.677,5.045,0.758,2.603,0.448,0.996,190.35859,0.9427249,19.988436,68.26781844,10.41925,20.753002,212.229241,8.7712145,18.930882,1.822121,,,,,0,0,0,0,0,0,0,0,0,0,,,,,,,1.35961E+17,,,,,J034504.03+231807.1,,NC3R002844,,,,56.26680946,23.30198658
56.26137438,23.30093756,6.48799E+16,0.2121,0.1528,0.6658,0.2403,10.863,4.364,0.306,-9.948,0.189,1.047,615.52778,1.4794034,18.714249,135.344556,12.413388,20.009941,718.4044592,10.685342,17.606974,2.402968,,,,,0,0,0,0,0,0,0,0,1,0,3691.8,4.8431,-0.4619,542.9208,1.3611,,1.35961E+17,,,,URAT1-567027986,J034502.72+231803.3,,NC3R002655,,03450272+2318035 ,,56.26135326,23.30098177
56.2388997,23.29392272,6.48799E+16,2.5488,2.3278,,,,,,,,,78.23801,1.6538152,20.953823,47.02709045,10.254322,21.157673,77.62039824,14.297444,20.022955,1.134718,,,,,0,0,0,0,0,0,0,0,0,0,,,,,,,1.35951E+17,,,,,,,,,,,56.2388997,23.29392272
56.24832003,23.3145079,6.488E+16,0.0791,0.0569,0.81,0.0859,32.405,10.081,0.105,-30.797,0.069,1.872,8993.35985,6.4299464,15.802562,3756.622841,13.320397,16.401548,7771.000173,20.12834,15.021703,1.379846,,,,,0,0,0,1,0,0,0,0,1,1,5428.6,4.6141,-0.8637,632.9998,1.1456,,1.35971E+17,,,,URAT1-567027974,J034459.60+231852.3,220830,NC3R002955,,03445959+2318527 ,,56.24827124,23.31464478
56.80911059,23.11869735,6.4906E+16,1.6105,0.9332,1.8332,1.8946,19.999,18.418,2.02,-7.792,1.214,1.218,98.49632,1.0172063,20.703817,54.18079592,9.662713,21.00393,101.5545666,6.7249823,19.731148,1.272781,,,,,0,0,0,0,0,0,0,0,0,0,,,,,,,1.35741E+17,,,,,,,NC3P015486,,,,56.80902158,23.11873198
56.80024549,23.11870449,6.49061E+16,0.7956,0.5157,-1.2617,0.9095,0.753,0.238,1.047,0.714,0.665,0.975,152.34162,0.9924699,20.23032,78.7809031,11.216027,20.59749,122.9657534,8.418964,19.523436,1.074055,,,,,0,0,0,0,0,0,0,0,0,0,,,,,,,1.35741E+17,,,,,,,NC3P015487,,,,56.80024434,23.11870132
56.79604025,23.12020559,6.49061E+16,10.4975,7.7889,,,,,,,,,76.00612,2.0787458,20.985245,58.95526816,13.142888,20.912235,140.6331137,13.435243,19.377676,1.534559,,,,,0,0,0,0,0,0,0,0,0,0,,,,,,,1.35741E+17,,,,,J034710.97+230712.7,,NC3P015496,,,,56.79604025,23.12020559
56.79293144,23.12360133,6.49061E+16,0.2082,0.1363,0.0915,0.2249,1.315,1.095,0.293,-0.728,0.179,1.026,720.97274,1.3434011,18.54257,344.2289397,14.977393,18.996424,507.7351218,12.056681,17.983803,1.012621,,,,,0,0,0,0,0,0,0,0,1,0,5124.9,4.7978,-1.817,2299.8062,0.0044,,1.35741E+17,,,,URAT1-566027283,J034710.32+230725.3,,NC3P015525,,,,56.79292615,23.12360456
56.79489509,23.12620312,6.49061E+16,0.1969,0.1312,0.0031,0.2149,1.027,0.481,0.278,-0.907,0.172,1.044,724.60514,1.363082,18.537113,338.4202197,14.691179,19.014902,532.3450173,12.3783245,17.932413,1.082489,,,,,0,0,0,0,0,0,0,0,1,0,5015.4,4.7981,-1.8313,2114.4443,0.007,,1.35751E+17,,,,URAT1-566027287,J034710.77+230734.6,,NC3P015544,,,,56.79489277,23.12620715
56.7992894,23.13324287,6.49061E+16,1.0344,0.5932,-0.2118,1.0718,7.732,6.145,1.61,-4.692,0.851,1.091,126.41082,1.0983877,20.432907,53.04306934,9.844405,21.02697,146.589271,12.01176,19.33264,1.69433,,,,,0,0,0,0,0,0,0,0,0,0,,,,,,,1.35761E+17,,,,,J034711.82+230759.9,,NC3P015584,,,,56.7992597,23.13326372
56.7478029,23.11885145,6.49062E+16,0.3603,0.2454,0.6243,0.3948,9.827,7.604,0.484,-6.224,0.311,1.07,360.52824,1.1495026,19.29502,103.1827685,8.814986,20.304523,370.9528515,14.914789,18.324598,1.979925,,,,,0,0,0,0,0,0,0,0,0,0,,,,,,,1.35741E+17,,,,URAT1-566027240,,,NC3P015488,,03465945+2307079 ,,56.74776615,23.11887911
56.76040228,23.12318212,6.49062E+16,0.3123,0.2092,0.2959,0.3452,0.857,0.776,0.44,0.364,0.268,1.091,452.60459,1.2564851,19.048069,206.4812159,9.383193,19.55134,341.2795851,10.026855,18.41512,1.136221,,,,,0,0,0,0,0,0,0,0,0,0,,,,,,,1.35741E+17,,,,URAT1-566027257,J034702.48+230724.1,,NC3P015526,,,,56.76039853,23.1231805
56.75015798,23.12720487,6.49062E+16,0.0709,0.047,0.303,0.0769,2.126,-0.114,0.098,-2.123,0.059,0.965,3795.33573,2.5550792,16.73924,1951.66587,12.307449,17.112528,2611.885333,11.543561,16.205511,0.907017,,,,,0,0,0,1,0,0,0,0,1,1,5351.4,4.6247,-1.2867,1400.7908,0.0196,,1.35751E+17,,,,URAT1-566027243,J034700.03+230737.9,,NC3P015555,,03470003+2307378 ,,56.75015852,23.1272143
56.76758936,23.12518885,6.49062E+16,2.0952,1.7284,,,,,,,,,101.23165,1.5434164,20.674076,64.84235844,7.4195085,20.808895,96.38823275,10.131194,19.787836,1.021059,,,,,0,0,0,0,0,0,0,0,0,0,,,,,,,1.35751E+17,,,,,,,NC3P015538,,,,56.76758936,23.12518885
56.78708386,23.1291632,6.49063E+16,2.1691,2.6509,,,,,,,,,83.44399,1.3948017,20.883879,25.36728089,14.533719,21.827858,125.6927424,18.927248,19.49962,2.328238,,,,,0,0,0,0,0,0,0,0,0,0,,,,,,,1.35751E+17,,,,,,,,,,,56.78708386,23.1291632
56.79210081,23.13338435,6.49063E+16,1.0389,0.5884,1.7702,1.25,37.608,6.448,1.615,-37.051,0.741,1.011,148.77981,1.1912023,20.256006,31.19345314,7.6482725,21.603384,216.0646746,16.39502,18.911436,2.691948,,,,,0,0,0,0,0,0,0,0,0,0,,,,,,,1.35761E+17,,,,,J034710.07+230800.9,,NC3P022524,,,,56.79206965,23.13354902
56.79020833,23.13508142,6.49063E+16,0.1422,0.0947,0.3886,0.1696,5.455,-3.01,0.187,-4.549,0.113,0.928,1455.17401,1.860593,17.780079,647.3784376,12.398229,18.310646,1127.988429,13.488801,17.117134,1.193512,,,,,0,0,0,0,0,0,0,0,1,1,4708.3,4.8233,-1.4737,1190.9614,0.0073,,1.35761E+17,,,,URAT1-566027282,,,NC3P015595,,03470967+2308061 ,,56.79022288,23.13510164
